<?xml version="1.0" encoding="UTF-8" ?>
<!-- Webx Root Context Configuration.  -->
<beans:beans xmlns:xsi="http://www.w3.org/2001/XMLSchema-instance"
    xmlns:services="http://www.alibaba.com/schema/services"
    xmlns:request-contexts="http://www.alibaba.com/schema/services/request-contexts"
    xmlns:session-encoders="http://www.alibaba.com/schema/services/request-contexts/session/encoders"
    xmlns:model-encoders="http://www.alibaba.com/schema/services/request-contexts/session/model-encoders"
    xmlns:session-idgens="http://www.alibaba.com/schema/services/request-contexts/session/idgens"
    xmlns:session-stores="http://www.alibaba.com/schema/services/request-contexts/session/stores"
    xmlns:ml-adapters="http://www.alibaba.com/schema/services/module-loader/adapters"
    xmlns:ml-factories="http://www.alibaba.com/schema/services/module-loader/factories"
    xmlns:beans="http://www.springframework.org/schema/beans"
    xmlns:p="http://www.springframework.org/schema/p"
    xmlns:rewrite-handlers="http://www.alibaba.com/schema/services/request-contexts/rewrite/handlers"
    xsi:schemaLocation="
        http://www.alibaba.com/schema/services http://localhost:8080/schema/services.xsd
        http://www.alibaba.com/schema/services/request-contexts http://localhost:8080/schema/services-request-contexts.xsd
        http://www.alibaba.com/schema/services/request-contexts/session/encoders http://localhost:8080/schema/services-request-contexts-session-encoders.xsd
        http://www.alibaba.com/schema/services/request-contexts/session/idgens http://localhost:8080/schema/services-request-contexts-session-idgens.xsd
        http://www.alibaba.com/schema/services/request-contexts/session/stores http://localhost:8080/schema/services-request-contexts-session-stores.xsd
        http://www.alibaba.com/schema/services/request-contexts/session/model-encoders http://localhost:8080/schema/services-request-contexts-session-model-encoders.xsd
        http://www.alibaba.com/schema/services/module-loader/adapters http://localhost:8080/schema/services-module-loader-adapters.xsd
        http://www.alibaba.com/schema/services/module-loader/factories http://localhost:8080/schema/services-module-loader-factories.xsd
        http://www.springframework.org/schema/beans http://localhost:8080/schema/www.springframework.org/schema/beans/spring-beans.xsd
        http://www.alibaba.com/schema/services/request-contexts/rewrite/handlers http://localhost:8080/schema/services-request-contexts-rewrite-handlers.xsd 
    ">

    <!-- 支持${xxx}替换。 -->
    <services:property-placeholder>
        <services:property key="component">common</services:property>
    </services:property-placeholder>

    <!-- 共享配置。 -->
    <beans:import resource="common/webx-component-and-root.xml" />

    <!-- 异常管道。 -->
    <beans:import resource="common/pipeline-exception.xml" />

    <!-- 资源装载。 -->
    <beans:import resource="common/resources.xml" />

    <!-- URI生成。 -->
    <beans:import resource="common/uris.xml" />
    
    <!-- URI重定向。 -->
    <beans:import resource="common/rewrite.xml" />
    
    <!-- 应用资源 -->
    <beans:import resource="classpath:META-INF/spring/dubbo-admin.xml" />
    
    <!-- 综合设置。 -->
    <services:webx-configuration>
        <!-- 默认将productionMode设为true，建议在jetty插件中设置-DproductionMode=false。 -->
        <services:productionMode>true</services:productionMode>
        <services:components defaultComponent="home" />
    </services:webx-configuration>

    <!-- 设置request/response/session。 -->
    <services:request-contexts xmlns="http://www.alibaba.com/schema/services/request-contexts">
        <rewrite>
        	<rule pattern=".*\.htm">
				<substitution uri="$0" flags="L,QSA" />
			</rule>
			<rule pattern=".*">
				<substitution flags="L,QSA" />
				<handlers>
					<rewrite-handlers:handler
						class="com.alibaba.dubbo.governance.web.common.interceptor.RestfuleUrlRewriter" />
				</handlers>
			</rule>
        </rewrite>
        <basic />
        <buffered />
        <lazy-commit />
        <parser />
        <set-locale defaultLocale="zh_CN" defaultCharset="UTF-8" />
        <session>
            <id>
                <cookie path="/" maxAge="0" httpOnly="true" />
            </id>
            <stores>
                <session-stores:cookie-store id="temporaryCookie">
                    <session-stores:cookie name="tmp" />
                </session-stores:cookie-store>
            </stores>
            <store-mappings>
                <match name="*" store="temporaryCookie" />
            </store-mappings>
        </session>
    </services:request-contexts>

    <!-- 支持上传文件。 -->
    <services:upload sizeMax="5M" />

    <!-- 将beans暴露给模板。这里定义的tools可被所有components之间共享。 -->
    <services:pull xmlns="http://www.alibaba.com/schema/services/pull/factories">
        <utils />
        <page-tool />
        <control-tool />
        <uris-tool />
        <form-tool />
        <factory id="i18n" class="com.alibaba.dubbo.governance.web.common.pulltool.I18nMessageTool" p:singleton="true" />
        <factory id="custTool" class="com.alibaba.dubbo.governance.web.common.pulltool.ToolUtil"/>
        <factory id="tool" class="com.alibaba.dubbo.governance.web.common.pulltool.ToolUtil"/>
    </services:pull>
    
    <services:form/>

    <!-- 装载模块。 -->
    <services:module-loader>
        <ml-factories:class-modules>
            <ml-factories:search-packages type="$1" packages="com.alibaba.dubbo.governance.web.common.module.*" />
        </ml-factories:class-modules>
    </services:module-loader>

	<beans:bean id="messageResourceService" class="com.alibaba.dubbo.governance.biz.common.i18n.impl.MessageResourceServiceImpl">
		<beans:property name="messageSource" ref="messageSource" />
	</beans:bean>
</beans:beans>
