<?xml version="1.0" encoding="UTF-8" ?>
<beans:beans xmlns:xsi="http://www.w3.org/2001/XMLSchema-instance"
	xmlns:services="http://www.alibaba.com/schema/services"
	xmlns:pl-conditions="http://www.alibaba.com/schema/services/pipeline/conditions"
	xmlns:pl-valves="http://www.alibaba.com/schema/services/pipeline/valves"
	xmlns:beans="http://www.springframework.org/schema/beans" xmlns:p="http://www.springframework.org/schema/p"
	xsi:schemaLocation="
        http://www.alibaba.com/schema/services http://localhost:8080/schema/services.xsd
        http://www.alibaba.com/schema/services/pipeline/conditions http://localhost:8080/schema/services-pipeline-conditions.xsd
        http://www.alibaba.com/schema/services/pipeline/valves http://localhost:8080/schema/services-pipeline-valves.xsd
        http://www.springframework.org/schema/beans http://localhost:8080/schema/www.springframework.org/schema/beans/spring-beans.xsd">

	<services:pipeline
		xmlns="http://www.alibaba.com/schema/services/pipeline/valves">

		<!-- 初始化turbine rundata，并在pipelineContext中设置可能会用到的对象(如rundata、utils)，以便valve取得。 -->
		<prepareForTurbine />

		<!-- 设置日志系统的上下文，支持把当前请求的详情打印在日志中。 -->
		<setLoggingContext />

		<!-- 分析URL，取得target。 -->
		<analyzeURL />

		<!-- 检查csrf token，防止csrf攻击和重复提交。假如request和session中的token不匹配，则出错，或显示expired页面。 -->
		<checkCsrfToken />

		<!-- 拦击器作用 -->
		<valve
			class="com.alibaba.dubbo.governance.web.common.interceptor.LocaleValve" />
		<choose>
			<when>
				<pl-conditions:path-condition name="^/servicestatus/.+|^/status$|/favicon.ico|/sysinfo/dump.htm" />
			</when>
			<otherwise>
				<valve
					class="com.alibaba.dubbo.governance.web.common.interceptor.AuthorizationValve" />
			</otherwise>
		</choose>

		<loop>
			<choose>
				<when>
					<!-- 执行不带模板的screen，默认无layout。 -->
					<pl-conditions:path-condition
						name="/sysinfo/dump.htm|^/\w+$|^/status/.+$" />
					<performTemplateScreen />
				</when>
				<when>
					<!-- 执行带模板的screen，默认有layout。 -->
					<pl-conditions:target-extension-condition
						extension="null, vm, jsp, html" />
					<performAction />
					<performTemplateScreen />
					<renderTemplate />
				</when>
				<otherwise>
					<exit />
				</otherwise>
			</choose>

			<!-- 假如rundata.setRedirectTarget()被设置，则循环，否则退出循环。 -->
			<breakUnlessTargetRedirected />
		</loop>

	</services:pipeline>

</beans:beans>
